{
  "negatives": 40357,
  "positives": 9644,
  "prevalence": 0.19287614247715046,
  "negative_positive_ratio": 4.184674408958938
}
